<?xml version="1.0" encoding="UTF-8"?>
<con:soapui-project id="1f0d3951-c9f5-42f0-8b85-d43bc095c3ea" activeEnvironment="Default" name="My SOAP Project_2" resourceRoot="${projectDir}" soapui-version="5.7.0" abortOnError="false" runType="SEQUENTIAL" xmlns:con="http://eviware.com/soapui/config"><con:settings/><con:interface xsi:type="con:WsdlInterface" id="3f7d9f08-85af-4a2f-9c01-9db576fa9637" wsaVersion="NONE" name="SampleServiceSoapBinding" type="wsdl" bindingName="{http://www.soapui.org/sample/}SampleServiceSoapBinding" soapVersion="1_1" anonymous="optional" definition="file:/C:/Users/USER/SoapUI-Tutorials/SoapUI-Tutorials/WSDL-WADL/sample-service.wsdl" xmlns:xsi="http://www.w3.org/2001/XMLSchema-instance"><con:settings/><con:definitionCache type="TEXT" rootPart="file:\C:\Users\USER\SoapUI-Tutorials\SoapUI-Tutorials\WSDL-WADL\sample-service.wsdl"><con:part><con:url>file:\C:\Users\USER\SoapUI-Tutorials\SoapUI-Tutorials\WSDL-WADL\sample-service.wsdl</con:url><con:content><![CDATA[<wsdl:definitions name="sample" targetNamespace="http://www.soapui.org/sample/" xmlns:wsdl="http://schemas.xmlsoap.org/wsdl/" xmlns:tns="http://www.soapui.org/sample/" xmlns:xsd="http://www.w3.org/2001/XMLSchema" xmlns:soap="http://schemas.xmlsoap.org/wsdl/soap/">
  <wsdl:types>
    <xsd:schema targetNamespace="http://www.soapui.org/sample/">
      <xsd:element name="searchResponseContent">
        <xsd:complexType>
          <xsd:sequence>
            <xsd:element name="item" type="tns:ItemType" maxOccurs="unbounded"/>
          </xsd:sequence>
        </xsd:complexType>
      </xsd:element>
      <xsd:complexType name="ItemType">
        <xsd:sequence>
          <xsd:element name="id" type="xsd:string"/>
          <xsd:element name="description" type="xsd:string"/>
          <xsd:element name="price" type="xsd:string"/>
        </xsd:sequence>
      </xsd:complexType>
      <xsd:element name="buyResponseContent">
        <xsd:complexType>
          <xsd:sequence>
            <xsd:element name="purchasestatus" type="tns:PurchaseStatusType" maxOccurs="unbounded"/>
          </xsd:sequence>
        </xsd:complexType>
      </xsd:element>
      <xsd:complexType name="PurchaseStatusType">
        <xsd:sequence>
          <xsd:element name="id" type="xsd:string"/>
          <xsd:element name="stockStatus" type="xsd:string"/>
          <xsd:element name="expectedDelivery" type="xsd:string"/>
        </xsd:sequence>
      </xsd:complexType>
    </xsd:schema>
  </wsdl:types>
  <wsdl:message name="loginRequest">
    <wsdl:part name="username" type="xsd:string"/>
    <wsdl:part name="password" type="xsd:string"/>
  </wsdl:message>
  <wsdl:message name="loginResponse">
    <wsdl:part name="sessionid" type="xsd:string"/>
  </wsdl:message>
  <wsdl:message name="logoutResponse">
    <wsdl:part name="sessioninfo" type="xsd:string"/>
  </wsdl:message>
  <wsdl:message name="logoutRequest">
    <wsdl:part name="sessionid" type="xsd:string"/>
  </wsdl:message>
  <wsdl:message name="searchRequest">
    <wsdl:part name="sessionid" type="xsd:string"/>
    <wsdl:part name="searchstring" type="xsd:string"/>
  </wsdl:message>
  <wsdl:message name="searchResponse">
    <wsdl:part name="searchresult" element="tns:searchResponseContent"/>
  </wsdl:message>
  <wsdl:message name="buyRequest">
    <wsdl:part name="sessionid" type="xsd:string"/>
    <wsdl:part name="buystring" type="xsd:string"/>
  </wsdl:message>
  <wsdl:message name="buyResponse">
    <wsdl:part name="buyresult" element="tns:buyResponseContent"/>
  </wsdl:message>
  <wsdl:message name="login_faultMsg">
    <wsdl:part name="loginFault" type="xsd:string"/>
  </wsdl:message>
  <wsdl:message name="logout_faultMsg">
    <wsdl:part name="logoutFault" type="xsd:string"/>
  </wsdl:message>
  <wsdl:message name="search_faultMsg">
    <wsdl:part name="searchFault" type="xsd:string"/>
  </wsdl:message>
  <wsdl:message name="buy_faultMsg">
    <wsdl:part name="buyFault" type="xsd:string"/>
  </wsdl:message>
  <wsdl:portType name="ISampleService">
    <wsdl:operation name="login">
      <wsdl:input message="tns:loginRequest"/>
      <wsdl:output message="tns:loginResponse"/>
      <wsdl:fault name="fault" message="tns:login_faultMsg"/>
    </wsdl:operation>
    <wsdl:operation name="logout">
      <wsdl:input message="tns:logoutRequest"/>
      <wsdl:output message="tns:logoutResponse"/>
      <wsdl:fault name="fault" message="tns:logout_faultMsg"/>
    </wsdl:operation>
    <wsdl:operation name="search">
      <wsdl:input message="tns:searchRequest"/>
      <wsdl:output message="tns:searchResponse"/>
      <wsdl:fault name="fault" message="tns:search_faultMsg"/>
    </wsdl:operation>
    <wsdl:operation name="buy">
      <wsdl:input message="tns:buyRequest"/>
      <wsdl:output message="tns:buyResponse"/>
      <wsdl:fault name="fault" message="tns:buy_faultMsg"/>
    </wsdl:operation>
  </wsdl:portType>
  <wsdl:binding name="SampleServiceSoapBinding" type="tns:ISampleService">
    <soap:binding style="rpc" transport="http://schemas.xmlsoap.org/soap/http"/>
    <wsdl:operation name="login">
      <soap:operation soapAction="http://www.soapui.org/sample/login"/>
      <wsdl:input>
        <soap:body use="literal" namespace="http://www.soapui.org/sample/"/>
      </wsdl:input>
      <wsdl:output>
        <soap:body use="literal" namespace="http://www.soapui.org/sample/"/>
      </wsdl:output>
      <wsdl:fault name="fault">
        <soap:fault use="literal" name="fault"/>
      </wsdl:fault>
    </wsdl:operation>
    <wsdl:operation name="logout">
      <soap:operation soapAction="http://www.soapui.org/sample/logout"/>
      <wsdl:input>
        <soap:body use="literal" namespace="http://www.soapui.org/sample/"/>
      </wsdl:input>
      <wsdl:output>
        <soap:body use="literal" namespace="http://www.soapui.org/sample/"/>
      </wsdl:output>
      <wsdl:fault name="fault">
        <soap:fault use="literal" name="fault"/>
      </wsdl:fault>
    </wsdl:operation>
    <wsdl:operation name="search">
      <soap:operation soapAction="http://www.soapui.org/sample/search"/>
      <wsdl:input>
        <soap:body use="literal" namespace="http://www.soapui.org/sample/"/>
      </wsdl:input>
      <wsdl:output>
        <soap:body use="literal" namespace="http://www.soapui.org/sample/"/>
      </wsdl:output>
      <wsdl:fault name="fault">
        <soap:fault use="literal" name="fault"/>
      </wsdl:fault>
    </wsdl:operation>
    <wsdl:operation name="buy">
      <soap:operation soapAction="http://www.soapui.org/sample/buy"/>
      <wsdl:input>
        <soap:body use="literal" namespace="http://www.soapui.org/sample/"/>
      </wsdl:input>
      <wsdl:output>
        <soap:body use="literal" namespace="http://www.soapui.org/sample/"/>
      </wsdl:output>
      <wsdl:fault name="fault">
        <soap:fault use="literal" name="fault"/>
      </wsdl:fault>
    </wsdl:operation>
  </wsdl:binding>
  <wsdl:service name="SampleService">
    <wsdl:port name="SamplePort" binding="tns:SampleServiceSoapBinding">
      <soap:address location="http://www.soapui.org/sample"/>
    </wsdl:port>
  </wsdl:service>
</wsdl:definitions>]]></con:content><con:type>http://schemas.xmlsoap.org/wsdl/</con:type></con:part></con:definitionCache><con:endpoints><con:endpoint>http://DESKTOP-DA7R9R4:8088/mockSampleServiceSoapBinding</con:endpoint><con:endpoint>http://www.soapui.org/sample</con:endpoint></con:endpoints><con:operation id="b1dafa00-c992-4bf1-81ad-46dfe2cb3963" isOneWay="false" action="http://www.soapui.org/sample/buy" name="buy" bindingOperationName="buy" type="Request-Response" inputName="" receivesAttachments="false" sendsAttachments="false" anonymous="optional"><con:settings/><con:call id="93c10709-2df0-4420-9efc-e85ab5c01f6e" name="Request 1"><con:settings><con:setting id="com.eviware.soapui.impl.wsdl.WsdlRequest@request-headers">&lt;xml-fragment/></con:setting></con:settings><con:encoding>UTF-8</con:encoding><con:endpoint>http://localhost:8088/mockSampleServiceSoapBinding</con:endpoint><con:request><![CDATA[<soapenv:Envelope xmlns:soapenv="http://schemas.xmlsoap.org/soap/envelope/" xmlns:sam="http://www.soapui.org/sample/">\r
   <soapenv:Header/>\r
   <soapenv:Body>\r
      <sam:buy>\r
         <sessionid>456789</sessionid>\r
         <buystring>Milk</buystring>\r
      </sam:buy>\r
   </soapenv:Body>\r
</soapenv:Envelope>]]></con:request><con:credentials><con:authType>No Authorization</con:authType></con:credentials><con:jmsConfig JMSDeliveryMode="PERSISTENT"/><con:jmsPropertyConfig/><con:wsaConfig mustUnderstand="NONE" version="200508" action="http://www.soapui.org/sample/buy"/><con:wsrmConfig version="1.2"/></con:call></con:operation><con:operation id="14f0362c-dcec-4078-ae7f-b3e0025be35a" isOneWay="false" action="http://www.soapui.org/sample/login" name="login" bindingOperationName="login" type="Request-Response" inputName="" receivesAttachments="false" sendsAttachments="false" anonymous="optional"><con:settings/><con:call id="d26a238e-2a35-4929-853a-0221906a9987" name="Request 1"><con:settings><con:setting id="com.eviware.soapui.impl.wsdl.WsdlRequest@request-headers">&lt;xml-fragment/></con:setting></con:settings><con:encoding>UTF-8</con:encoding><con:endpoint>http://localhost:8088/mockSampleServiceSoapBinding</con:endpoint><con:request><![CDATA[<soapenv:Envelope xmlns:soapenv="http://schemas.xmlsoap.org/soap/envelope/" xmlns:sam="http://www.soapui.org/sample/">\r
   <soapenv:Header/>\r
   <soapenv:Body>\r
      <sam:login>\r
         <username>Nata</username>\r
         <password>MyKey</password>\r
      </sam:login>\r
   </soapenv:Body>\r
</soapenv:Envelope>]]></con:request><con:credentials><con:username>Nata</con:username><con:password>MyKey</con:password><con:selectedAuthProfile>Basic</con:selectedAuthProfile><con:addedBasicAuthenticationTypes>Basic</con:addedBasicAuthenticationTypes><con:preemptive>false</con:preemptive><con:authType>Global HTTP Settings</con:authType></con:credentials><con:jmsConfig JMSDeliveryMode="PERSISTENT"/><con:jmsPropertyConfig/><con:wsaConfig mustUnderstand="NONE" version="200508" action="http://www.soapui.org/sample/login"/><con:wsrmConfig version="1.2"/></con:call></con:operation><con:operation id="4d327e9a-5851-4d32-943d-106402cf889d" isOneWay="false" action="http://www.soapui.org/sample/logout" name="logout" bindingOperationName="logout" type="Request-Response" inputName="" receivesAttachments="false" sendsAttachments="false" anonymous="optional"><con:settings/><con:call id="c2a88489-6cc3-4cbb-aafa-f0f4043f15ab" name="Request 1"><con:settings><con:setting id="com.eviware.soapui.impl.wsdl.WsdlRequest@request-headers">&lt;xml-fragment/></con:setting></con:settings><con:encoding>UTF-8</con:encoding><con:endpoint>http://localhost:8088/mockSampleServiceSoapBinding</con:endpoint><con:request><![CDATA[<soapenv:Envelope xmlns:soapenv="http://schemas.xmlsoap.org/soap/envelope/" xmlns:sam="http://www.soapui.org/sample/">\r
   <soapenv:Header/>\r
   <soapenv:Body>\r
      <sam:logout>\r
         <sessionid>456789</sessionid>\r
      </sam:logout>\r
   </soapenv:Body>\r
</soapenv:Envelope>]]></con:request><con:credentials><con:authType>No Authorization</con:authType></con:credentials><con:jmsConfig JMSDeliveryMode="PERSISTENT"/><con:jmsPropertyConfig/><con:wsaConfig mustUnderstand="NONE" version="200508" action="http://www.soapui.org/sample/logout"/><con:wsrmConfig version="1.2"/></con:call></con:operation><con:operation id="24f87ff4-0e26-42aa-b134-2842ca9758a5" isOneWay="false" action="http://www.soapui.org/sample/search" name="search" bindingOperationName="search" type="Request-Response" inputName="" receivesAttachments="false" sendsAttachments="false" anonymous="optional"><con:settings/><con:call id="9c6f6559-5f21-4f5d-9e45-ef07de143f6d" name="Request 1"><con:settings><con:setting id="com.eviware.soapui.impl.wsdl.WsdlRequest@request-headers">&lt;xml-fragment/></con:setting></con:settings><con:encoding>UTF-8</con:encoding><con:endpoint>http://localhost:8088/mockSampleServiceSoapBinding</con:endpoint><con:request><![CDATA[<soapenv:Envelope xmlns:soapenv="http://schemas.xmlsoap.org/soap/envelope/" xmlns:sam="http://www.soapui.org/sample/">\r
   <soapenv:Header/>\r
   <soapenv:Body>\r
      <sam:search>\r
         <sessionid>456789</sessionid>\r
         <searchstring>milk</searchstring>\r
      </sam:search>\r
   </soapenv:Body>\r
</soapenv:Envelope>]]></con:request><con:credentials><con:authType>No Authorization</con:authType></con:credentials><con:jmsConfig JMSDeliveryMode="PERSISTENT"/><con:jmsPropertyConfig/><con:wsaConfig mustUnderstand="NONE" version="200508" action="http://www.soapui.org/sample/search"/><con:wsrmConfig version="1.2"/></con:call></con:operation></con:interface><con:testSuite id="031ca98c-a1dd-4fe4-bb1b-eb58e5cc6200" name="SampleServiceSoapBinding111 TestSuite"><con:settings/><con:runType>SEQUENTIAL</con:runType><con:testCase id="e2aac918-2c78-4801-ae5e-a2323e231fd9" failOnError="true" failTestCaseOnErrors="true" keepSession="false" maxResults="0" name="buy TestCase" searchProperties="true"><con:settings/><con:testStep type="request" name="buy" id="41aee296-b7f6-4b42-89d2-64797ec29666"><con:settings/><con:config xsi:type="con:RequestStep" xmlns:xsi="http://www.w3.org/2001/XMLSchema-instance"><con:interface>SampleServiceSoapBinding</con:interface><con:operation>buy</con:operation><con:request name="buy" id="a630a930-6842-4f6d-aab9-5d515c5428e6"><con:settings><con:setting id="com.eviware.soapui.impl.wsdl.WsdlRequest@request-headers">&lt;xml-fragment/></con:setting></con:settings><con:encoding>UTF-8</con:encoding><con:endpoint>http://DESKTOP-DA7R9R4:8088/mockSampleServiceSoapBinding</con:endpoint><con:request><![CDATA[<soapenv:Envelope xmlns:soapenv="http://schemas.xmlsoap.org/soap/envelope/" xmlns:sam="http://www.soapui.org/sample/">\r
   <soapenv:Header/>\r
   <soapenv:Body>\r
      <sam:buy>\r
         <sessionid>456789</sessionid>\r
         <buystring>Milk</buystring>\r
      </sam:buy>\r
   </soapenv:Body>\r
</soapenv:Envelope>]]></con:request><con:assertion type="SOAP Response" id="7bbc7156-bb86-43cd-b924-35fde3eae80a"/><con:assertion type="Schema Compliance" id="3ee7edb2-1236-4282-940a-12252417495a"><con:configuration/></con:assertion><con:credentials><con:authType>No Authorization</con:authType></con:credentials><con:jmsConfig JMSDeliveryMode="PERSISTENT"/><con:jmsPropertyConfig/><con:wsaConfig mustUnderstand="NONE" version="200508"/><con:wsrmConfig version="1.2"/></con:request></con:config></con:testStep><con:properties/></con:testCase><con:testCase id="35f5136e-5da5-4847-9750-aa33451b4351" failOnError="true" failTestCaseOnErrors="true" keepSession="false" maxResults="0" name="login TestCase" searchProperties="true"><con:settings/><con:testStep type="request" name="login" id="a84ac575-e714-43ab-97d2-efee0207c6b3"><con:settings/><con:config xsi:type="con:RequestStep" xmlns:xsi="http://www.w3.org/2001/XMLSchema-instance"><con:interface>SampleServiceSoapBinding</con:interface><con:operation>login</con:operation><con:request name="login" id="dcc10709-ae4d-4504-972c-69758d6d48a7"><con:settings><con:setting id="com.eviware.soapui.impl.wsdl.WsdlRequest@request-headers">&lt;xml-fragment/></con:setting></con:settings><con:encoding>UTF-8</con:encoding><con:endpoint>http://DESKTOP-DA7R9R4:8088/mockSampleServiceSoapBinding</con:endpoint><con:request><![CDATA[<soapenv:Envelope xmlns:soapenv="http://schemas.xmlsoap.org/soap/envelope/" xmlns:sam="http://www.soapui.org/sample/">\r
   <soapenv:Header/>\r
   <soapenv:Body>\r
      <sam:login>\r
         <username>Nata</username>\r
         <password>MyKey</password>\r
      </sam:login>\r
   </soapenv:Body>\r
</soapenv:Envelope>]]></con:request><con:assertion type="SOAP Response" id="7742e157-9602-42c1-b53e-1028d94da44e"/><con:assertion type="Schema Compliance" id="e2918b5b-ec8e-49c0-a3c8-3285cd5c7bab"><con:configuration/></con:assertion><con:credentials><con:authType>No Authorization</con:authType></con:credentials><con:jmsConfig JMSDeliveryMode="PERSISTENT"/><con:jmsPropertyConfig/><con:wsaConfig mustUnderstand="NONE" version="200508"/><con:wsrmConfig version="1.2"/></con:request></con:config></con:testStep><con:properties/></con:testCase><con:testCase id="ed097761-acd5-4840-8ed3-15cad2836f94" failOnError="true" failTestCaseOnErrors="true" keepSession="false" maxResults="0" name="logout TestCase" searchProperties="true"><con:settings/><con:testStep type="request" name="logout" id="7417981f-c274-4666-85df-3adf60788d57"><con:settings/><con:config xsi:type="con:RequestStep" xmlns:xsi="http://www.w3.org/2001/XMLSchema-instance"><con:interface>SampleServiceSoapBinding</con:interface><con:operation>logout</con:operation><con:request name="logout" id="b9929d80-1e27-495e-b3e5-f38cb962d550"><con:settings><con:setting id="com.eviware.soapui.impl.wsdl.WsdlRequest@request-headers">&lt;xml-fragment/></con:setting></con:settings><con:encoding>UTF-8</con:encoding><con:endpoint>http://localhost:8088/mockSampleServiceSoapBinding?WSDL</con:endpoint><con:request><![CDATA[<soapenv:Envelope xmlns:soapenv="http://schemas.xmlsoap.org/soap/envelope/" xmlns:sam="http://www.soapui.org/sample/">\r
   <soapenv:Header/>\r
   <soapenv:Body>\r
      <sam:logout>\r
         <sessionid>456789</sessionid>\r
      </sam:logout>\r
   </soapenv:Body>\r
</soapenv:Envelope>]]></con:request><con:assertion type="SOAP Response" id="69957893-fd77-4abd-95e3-8d2407ab788b"/><con:assertion type="Schema Compliance" id="745ae9d4-36b5-45b8-a5ad-f70981136217"><con:configuration/></con:assertion><con:credentials><con:authType>No Authorization</con:authType></con:credentials><con:jmsConfig JMSDeliveryMode="PERSISTENT"/><con:jmsPropertyConfig/><con:wsaConfig mustUnderstand="NONE" version="200508"/><con:wsrmConfig version="1.2"/></con:request></con:config></con:testStep><con:properties/></con:testCase><con:testCase id="454fd026-d21f-4a41-a95a-df976ffebbf8" failOnError="true" failTestCaseOnErrors="true" keepSession="false" maxResults="0" name="search TestCase" searchProperties="true"><con:settings/><con:testStep type="request" name="search" id="8260df73-e64b-4c2f-9031-d2fb33c4115c"><con:settings/><con:config xsi:type="con:RequestStep" xmlns:xsi="http://www.w3.org/2001/XMLSchema-instance"><con:interface>SampleServiceSoapBinding</con:interface><con:operation>search</con:operation><con:request name="search" id="d16a320f-d32d-435f-892d-a28d8f503b10"><con:settings><con:setting id="com.eviware.soapui.impl.wsdl.WsdlRequest@request-headers">&lt;xml-fragment/></con:setting></con:settings><con:encoding>UTF-8</con:encoding><con:endpoint>http://DESKTOP-DA7R9R4:8088/mockSampleServiceSoapBinding</con:endpoint><con:request><![CDATA[<soapenv:Envelope xmlns:soapenv="http://schemas.xmlsoap.org/soap/envelope/" xmlns:sam="http://www.soapui.org/sample/">\r
   <soapenv:Header/>\r
   <soapenv:Body>\r
      <sam:search>\r
         <sessionid>456789</sessionid>\r
         <searchstring>Milk</searchstring>\r
      </sam:search>\r
   </soapenv:Body>\r
</soapenv:Envelope>]]></con:request><con:assertion type="SOAP Response" id="b9212454-03c8-4b7b-8ba1-cc4ccf6ca48a"/><con:assertion type="Schema Compliance" id="8e0bd5a1-8eae-428c-b981-4985bdaca4b9"><con:configuration/></con:assertion><con:credentials><con:authType>No Authorization</con:authType></con:credentials><con:jmsConfig JMSDeliveryMode="PERSISTENT"/><con:jmsPropertyConfig/><con:wsaConfig mustUnderstand="NONE" version="200508"/><con:wsrmConfig version="1.2"/></con:request></con:config></con:testStep><con:properties/></con:testCase><con:properties/></con:testSuite><con:mockService id="553d6f4b-87cc-4b1f-8039-f01e9590503c" port="8088" path="/mockSampleServiceSoapBinding" host="localhost" name="SampleServiceSoapBinding MockService111" bindToHostOnly="false" docroot=""><con:settings><con:setting id="com.eviware.soapui.impl.wsdl.mock.WsdlMockService@require-soap-action">false</con:setting></con:settings><con:properties/><con:mockOperation name="buy" id="d2dd1593-3303-49ed-a77f-d347c2c975ca" interface="SampleServiceSoapBinding" operation="buy"><con:settings/><con:defaultResponse>Response 1</con:defaultResponse><con:dispatchStyle>SEQUENCE</con:dispatchStyle><con:response name="Response 1" id="fd8cc5d7-a939-4edf-a886-0ea9ca19e58a" httpResponseStatus="200" encoding="UTF-8"><con:settings/><con:responseContent><![CDATA[<soapenv:Envelope xmlns:soapenv="http://schemas.xmlsoap.org/soap/envelope/" xmlns:sam="http://www.soapui.org/sample/">
   <soapenv:Header/>
   <soapenv:Body>
      <sam:buyResponse>
         <sam:buyResponseContent>
            <!--1 or more repetitions:-->
            <purchasestatus>
               <id>7</id>
               <stockStatus>instock</stockStatus>
               <expectedDelivery>Out for delivery</expectedDelivery>
            </purchasestatus>
         </sam:buyResponseContent>
      </sam:buyResponse>
   </soapenv:Body>
</soapenv:Envelope>]]></con:responseContent><con:wsaConfig mustUnderstand="NONE" version="200508" action="http://www.soapui.org/sample/buy"/></con:response><con:dispatchConfig/></con:mockOperation><con:mockOperation name="login" id="eff0db68-76df-4fdc-bd06-2ec2bd3313a4" interface="SampleServiceSoapBinding" operation="login"><con:settings/><con:defaultResponse>Response 1</con:defaultResponse><con:dispatchStyle>SEQUENCE</con:dispatchStyle><con:response name="Response 1" id="12d916ba-c5bb-43d9-9384-accb4ace7b15" httpResponseStatus="200" encoding="UTF-8"><con:settings/><con:responseContent><![CDATA[<soapenv:Envelope xmlns:soapenv="http://schemas.xmlsoap.org/soap/envelope/" xmlns:sam="http://www.soapui.org/sample/">
   <soapenv:Header/>
   <soapenv:Body>
      <sam:loginResponse>
         <sessionid>456789</sessionid>
      </sam:loginResponse>
   </soapenv:Body>
</soapenv:Envelope>]]></con:responseContent><con:wsaConfig mustUnderstand="NONE" version="200508" action="http://www.soapui.org/sample/login"/></con:response><con:dispatchConfig/></con:mockOperation><con:mockOperation name="logout" id="3c85bd6c-9206-4acd-aaba-8ac1eb414be3" interface="SampleServiceSoapBinding" operation="logout"><con:settings/><con:defaultResponse>Response 1</con:defaultResponse><con:dispatchStyle>SEQUENCE</con:dispatchStyle><con:response name="Response 1" id="1f4267f2-e607-4561-99bd-0565cce1a87e" httpResponseStatus="200" encoding="UTF-8"><con:settings/><con:responseContent><![CDATA[<soapenv:Envelope xmlns:soapenv="http://schemas.xmlsoap.org/soap/envelope/" xmlns:sam="http://www.soapui.org/sample/">
   <soapenv:Header/>
   <soapenv:Body>
      <sam:logoutResponse>
         <sessioninfo>Bye</sessioninfo>
      </sam:logoutResponse>
   </soapenv:Body>
</soapenv:Envelope>]]></con:responseContent><con:wsaConfig mustUnderstand="NONE" version="200508" action="http://www.soapui.org/sample/logout"/></con:response><con:dispatchConfig/></con:mockOperation><con:mockOperation name="search" id="29057ac8-1806-4dc1-a423-b25b2362d0c5" interface="SampleServiceSoapBinding" operation="search"><con:settings/><con:defaultResponse>Response 1</con:defaultResponse><con:dispatchStyle>SEQUENCE</con:dispatchStyle><con:response name="Response 1" id="9255fa5e-7cd6-4832-8d66-4284b6b139ec" httpResponseStatus="200" encoding="UTF-8"><con:settings/><con:responseContent><![CDATA[<soapenv:Envelope xmlns:soapenv="http://schemas.xmlsoap.org/soap/envelope/" xmlns:sam="http://www.soapui.org/sample/">
   <soapenv:Header/>
   <soapenv:Body>
      <sam:searchResponse>
         <sam:searchResponseContent>
            <!--1 or more repetitions:-->
            <item>
               <id>7</id>
               <description>Milk</description>
               <price>75</price>
            </item>
         </sam:searchResponseContent>
      </sam:searchResponse>
   </soapenv:Body>
</soapenv:Envelope>]]></con:responseContent><con:wsaConfig mustUnderstand="NONE" version="200508" action="http://www.soapui.org/sample/search"/></con:response><con:dispatchConfig/></con:mockOperation></con:mockService><con:properties/><con:wssContainer/><con:oAuth2ProfileContainer/><con:oAuth1ProfileContainer/><con:sensitiveInformation/></con:soapui-project>