<?xml version="1.0" encoding="UTF-8"?>
<con:soapui-project id="c8fb0516-0155-4a0e-9bf1-2dfa9120e019" activeEnvironment="Default" name="My REST Project_2" resourceRoot="${projectDir}" soapui-version="5.7.0" abortOnError="false" runType="SEQUENTIAL" defaultScriptLanguage="Groovy" xmlns:con="http://eviware.com/soapui/config"><con:settings/><con:interface xsi:type="con:RestService" id="583008ad-0f9d-4339-a77a-a5e5ac25d35f" wadlVersion="http://wadl.dev.java.net/2009/02" name="https://reqres.in" type="rest" xmlns:xsi="http://www.w3.org/2001/XMLSchema-instance"><con:settings/><con:definitionCache type="TEXT" rootPart=""/><con:endpoints><con:endpoint>https://reqres.in</con:endpoint></con:endpoints><con:resource name="1" path="/${#Project#userPath}" id="95a6ebb2-4489-4f15-8e54-e196965eafba"><con:settings/><con:parameters><con:parameter><con:name>#Project#pageNumber</con:name><con:value/><con:style>QUERY</con:style><con:default/><con:description xsi:nil="true"/></con:parameter></con:parameters><con:method name="1" id="683a65eb-69d9-46e8-ae59-21677bb022ea" method="GET"><con:settings/><con:parameters/><con:representation type="RESPONSE"><con:mediaType>application/json; charset=utf-8</con:mediaType><con:status>200</con:status><con:params/><con:element xmlns:user="https://reqres.in/api/users">user:Response</con:element></con:representation><con:representation type="RESPONSE"><con:mediaType>text/html; charset=utf-8</con:mediaType><con:status>200</con:status><con:params/><con:element>html</con:element></con:representation><con:representation type="RESPONSE"><con:mediaType xsi:nil="true"/><con:status>0</con:status><con:params/><con:element>data</con:element></con:representation><con:representation type="RESPONSE"><con:mediaType xsi:nil="true"/><con:status>0</con:status><con:params/><con:element>data</con:element></con:representation><con:representation type="RESPONSE"><con:mediaType xsi:nil="true"/><con:status>0</con:status><con:params/><con:element>data</con:element></con:representation><con:representation type="RESPONSE"><con:mediaType xsi:nil="true"/><con:status>0</con:status><con:params/><con:element>data</con:element></con:representation><con:representation type="RESPONSE"><con:mediaType xsi:nil="true"/><con:status>0</con:status><con:params/><con:element>data</con:element></con:representation><con:representation type="RESPONSE"><con:mediaType xsi:nil="true"/><con:status>0</con:status><con:params/><con:element>data</con:element></con:representation><con:representation type="RESPONSE"><con:mediaType xsi:nil="true"/><con:status>0</con:status><con:params/><con:element>data</con:element></con:representation><con:representation type="RESPONSE"><con:mediaType xsi:nil="true"/><con:status>0</con:status><con:params/><con:element>data</con:element></con:representation><con:representation type="RESPONSE"><con:mediaType xsi:nil="true"/><con:status>0</con:status><con:params/><con:element>data</con:element></con:representation><con:representation type="RESPONSE"><con:mediaType xsi:nil="true"/><con:status>0</con:status><con:params/><con:element>data</con:element></con:representation><con:representation type="RESPONSE"><con:mediaType xsi:nil="true"/><con:status>0</con:status><con:params/><con:element>data</con:element></con:representation><con:representation type="RESPONSE"><con:mediaType xsi:nil="true"/><con:status>0</con:status><con:params/><con:element>data</con:element></con:representation><con:representation type="RESPONSE"><con:mediaType xsi:nil="true"/><con:status>0</con:status><con:params/><con:element>data</con:element></con:representation><con:representation type="RESPONSE"><con:mediaType xsi:nil="true"/><con:status>0</con:status><con:params/><con:element>data</con:element></con:representation><con:representation type="RESPONSE"><con:mediaType xsi:nil="true"/><con:status>0</con:status><con:params/><con:element>data</con:element></con:representation><con:representation type="RESPONSE"><con:mediaType xsi:nil="true"/><con:status>0</con:status><con:params/><con:element>data</con:element></con:representation><con:request name="Request 1-Список пользователей" id="73d00ff9-5360-440d-8d97-a7fd850f6e79" mediaType="application/json"><con:settings><con:setting id="com.eviware.soapui.impl.wsdl.WsdlRequest@request-headers">&lt;xml-fragment/></con:setting></con:settings><con:endpoint>https://reqres.in</con:endpoint><con:request/><con:originalUri>https://reqres.in/api/users</con:originalUri><con:credentials><con:authType>No Authorization</con:authType></con:credentials><con:jmsConfig JMSDeliveryMode="PERSISTENT"/><con:jmsPropertyConfig/><con:parameters><entry key="#Project#pageNumber" value="2" xmlns="http://eviware.com/soapui/config"/></con:parameters><con:parameterOrder><con:entry>#Project#pageNumber</con:entry><con:entry/></con:parameterOrder></con:request></con:method></con:resource><con:resource name="2" path="/${#Project#userPath}/${#Project#userId}" id="5f2e53b1-8666-4c93-8e76-a239b4befb69"><con:settings/><con:parameters/><con:method name="2" id="fef9e881-cd00-43a1-96a7-07c040661d16" method="GET"><con:settings/><con:parameters/><con:representation type="RESPONSE"><con:mediaType>application/json; charset=utf-8</con:mediaType><con:status>200</con:status><con:params/><con:element xmlns:ns="https://reqres.in/api/users/2">ns:Response</con:element></con:representation><con:representation type="FAULT"><con:mediaType>application/json; charset=utf-8</con:mediaType><con:status>404</con:status><con:params/><con:element>Fault</con:element></con:representation><con:representation type="RESPONSE"><con:mediaType xsi:nil="true"/><con:status>0</con:status><con:params/><con:element>data</con:element></con:representation><con:representation type="RESPONSE"><con:mediaType xsi:nil="true"/><con:status>0</con:status><con:params/><con:element>data</con:element></con:representation><con:request name="Request 2-Просмотр пользователя" id="a82d7c3e-c947-4e86-bd74-386aa43d00a1" mediaType="application/json"><con:settings><con:setting id="com.eviware.soapui.impl.wsdl.WsdlRequest@request-headers">&lt;xml-fragment/></con:setting></con:settings><con:endpoint>https://reqres.in</con:endpoint><con:request/><con:originalUri>https://reqres.in/api/users/2</con:originalUri><con:credentials><con:authType>No Authorization</con:authType></con:credentials><con:jmsConfig JMSDeliveryMode="PERSISTENT"/><con:jmsPropertyConfig/><con:parameters/></con:request></con:method></con:resource><con:resource name="3" path="/${#Project#userPath}" id="9f4f3387-a492-4719-9a9d-c6c86b99d06b"><con:settings/><con:parameters/><con:method name="3" id="95659013-c400-4ef5-b0bc-0c0028e217a9" method="POST"><con:settings/><con:parameters><con:parameter><con:name>name</con:name><con:value>morpheus</con:value><con:style>HEADER</con:style><con:default>morpheus</con:default></con:parameter><con:parameter><con:name>job</con:name><con:value>leader</con:value><con:style>HEADER</con:style><con:default>leader</con:default></con:parameter></con:parameters><con:representation type="RESPONSE"><con:mediaType>application/json; charset=utf-8</con:mediaType><con:status>201</con:status><con:params/><con:element xmlns:user="https://reqres.in/api/users">user:Response</con:element></con:representation><con:representation type="REQUEST"><con:mediaType>application/json</con:mediaType><con:params/></con:representation><con:request name="Request 3-Cоздание пользователя" id="134b85e7-a728-40c9-a8cf-c62339417e5f" mediaType="application/json" postQueryString="false"><con:settings><con:setting id="com.eviware.soapui.impl.wsdl.WsdlRequest@request-headers">&lt;xml-fragment/></con:setting></con:settings><con:endpoint>https://reqres.in</con:endpoint><con:request/><con:originalUri>https://reqres.in/api/users</con:originalUri><con:credentials><con:authType>No Authorization</con:authType></con:credentials><con:jmsConfig JMSDeliveryMode="PERSISTENT"/><con:jmsPropertyConfig/><con:parameters>
  <con:entry key="name" value="morpheus"/>
  <con:entry key="job" value="leader"/>
</con:parameters><con:parameterOrder><con:entry>name</con:entry><con:entry>job</con:entry></con:parameterOrder></con:request></con:method></con:resource><con:resource name="4" path="/${#Project#userPath}/${#Project#userId}" id="2df41214-749e-4e45-8ad9-2fae5b8be54c"><con:settings/><con:parameters/><con:method name="4" id="06ab95f5-96ec-4abf-82c3-923817ceb3c3" method="PUT"><con:settings/><con:parameters/><con:representation type="RESPONSE"><con:mediaType>application/json; charset=utf-8</con:mediaType><con:status>200</con:status><con:params/><con:element xmlns:ns="https://reqres.in/api/users/2">ns:Response</con:element></con:representation><con:representation type="REQUEST"><con:mediaType>application/json</con:mediaType><con:params/></con:representation><con:request name="Request 4-Обновление пользователя" id="8d67e554-286d-4e68-b125-3ca97066d290" mediaType="application/json" postQueryString="false"><con:settings><con:setting id="com.eviware.soapui.impl.wsdl.WsdlRequest@request-headers">&lt;xml-fragment/></con:setting></con:settings><con:endpoint>https://reqres.in</con:endpoint><con:request>{
  "name": "${#Project#userName}",
  "job": "${#Project#userJob}"
}</con:request><con:originalUri>https://reqres.in/api/users/2</con:originalUri><con:credentials><con:authType>No Authorization</con:authType></con:credentials><con:jmsConfig JMSDeliveryMode="PERSISTENT"/><con:jmsPropertyConfig/><con:parameters/><con:parameterOrder/></con:request></con:method></con:resource><con:resource name="5" path="/${#Project#userPath}/${#Project#userId}" id="c1a499dc-d1b4-4a24-ad8c-14d7862675bf"><con:settings/><con:parameters/><con:method name="5" id="8b493eec-bba2-46d1-be5e-e50d1497c387" method="DELETE"><con:settings/><con:parameters/><con:representation type="REQUEST"><con:mediaType>application/json</con:mediaType><con:params/></con:representation><con:representation type="RESPONSE"><con:mediaType xsi:nil="true"/><con:status>204</con:status><con:params/><con:element>data</con:element></con:representation><con:representation type="RESPONSE"><con:mediaType xsi:nil="true"/><con:status>204</con:status><con:params/><con:element>data</con:element></con:representation><con:representation type="RESPONSE"><con:mediaType xsi:nil="true"/><con:status>204</con:status><con:params/><con:element>data</con:element></con:representation><con:representation type="RESPONSE"><con:mediaType xsi:nil="true"/><con:status>204</con:status><con:params/><con:element>data</con:element></con:representation><con:representation type="RESPONSE"><con:mediaType xsi:nil="true"/><con:status>204</con:status><con:params/><con:element>data</con:element></con:representation><con:representation type="RESPONSE"><con:mediaType xsi:nil="true"/><con:status>204</con:status><con:params/><con:element>data</con:element></con:representation><con:representation type="RESPONSE"><con:mediaType xsi:nil="true"/><con:status>204</con:status><con:params/><con:element>data</con:element></con:representation><con:representation type="RESPONSE"><con:mediaType xsi:nil="true"/><con:status>204</con:status><con:params/><con:element>data</con:element></con:representation><con:representation type="RESPONSE"><con:mediaType xsi:nil="true"/><con:status>204</con:status><con:params/><con:element>data</con:element></con:representation><con:representation type="RESPONSE"><con:mediaType xsi:nil="true"/><con:status>204</con:status><con:params/><con:element>data</con:element></con:representation><con:representation type="RESPONSE"><con:mediaType xsi:nil="true"/><con:status>204</con:status><con:params/><con:element>data</con:element></con:representation><con:representation type="RESPONSE"><con:mediaType xsi:nil="true"/><con:status>204</con:status><con:params/><con:element>data</con:element></con:representation><con:request name="Request 5-Удаление пользователя" id="f6f539d5-6600-4af2-ae9c-6a5c3471d6b5" mediaType="application/json" postQueryString="false"><con:settings><con:setting id="com.eviware.soapui.impl.wsdl.WsdlRequest@request-headers">&lt;xml-fragment/></con:setting></con:settings><con:endpoint>https://reqres.in</con:endpoint><con:request/><con:originalUri>https://reqres.in/api/users/2</con:originalUri><con:credentials><con:authType>No Authorization</con:authType></con:credentials><con:jmsConfig JMSDeliveryMode="PERSISTENT"/><con:jmsPropertyConfig/><con:parameters/></con:request></con:method></con:resource></con:interface><con:testSuite id="72958110-f071-4004-a5db-4ac49783de16" name="TestSuite 1"><con:settings/><con:runType>SEQUENTIAL</con:runType><con:testCase id="be7d2fd0-2783-4690-a751-c805d97ac582" failOnError="true" failTestCaseOnErrors="true" keepSession="false" maxResults="0" name="TestCase 1" searchProperties="true"><con:settings/><con:testStep type="restrequest" name="1 - Request 1-Список пользователей" id="cfd25c71-5e89-4f22-aad9-18bb46574e13"><con:settings/><con:config service="https://reqres.in" resourcePath="/${#Project#userPath}" methodName="1" xsi:type="con:RestRequestStep" xmlns:xsi="http://www.w3.org/2001/XMLSchema-instance"><con:restRequest name="1 - Request 1-Список пользователей" id="73d00ff9-5360-440d-8d97-a7fd850f6e79" mediaType="application/json"><con:settings><con:setting id="com.eviware.soapui.impl.wsdl.WsdlRequest@request-headers">&lt;xml-fragment/></con:setting></con:settings><con:endpoint>https://reqres.in</con:endpoint><con:request/><con:originalUri>https://reqres.in/api/users</con:originalUri><con:assertion type="Simple Contains" id="3ca40b8f-09a4-4742-9c63-fc1cc6d4dbc0" name="Contains"><con:configuration><token>page</token><ignoreCase>false</ignoreCase><useRegEx>false</useRegEx></con:configuration></con:assertion><con:assertion type="Invalid HTTP Status Codes" id="51dfdff4-04b1-4f08-a697-2f0d5b9b444a" name="Invalid HTTP Status Codes"><con:configuration><codes>400, 404, 500, </codes></con:configuration></con:assertion><con:assertion type="JsonPath Count" id="9fa2163e-9a6e-4462-ba59-eecb24da3cf1" name="JsonPath Count"><con:configuration><path>data</path><content>6</content><allowWildcards>false</allowWildcards><ignoreNamspaceDifferences>false</ignoreNamspaceDifferences><ignoreComments>false</ignoreComments></con:configuration></con:assertion><con:credentials><con:authType>No Authorization</con:authType></con:credentials><con:jmsConfig JMSDeliveryMode="PERSISTENT"/><con:jmsPropertyConfig/><con:parameters>
  <con:entry key="" value=""/>
  <con:entry key="#Project#pageNumber" value=""/>
</con:parameters><con:parameterOrder><con:entry>#Project#pageNumber</con:entry><con:entry/></con:parameterOrder></con:restRequest></con:config></con:testStep><con:properties/></con:testCase><con:testCase id="9aa251ef-53d1-4bdd-9cb7-95d0e8fe5be5" failOnError="true" failTestCaseOnErrors="true" keepSession="false" maxResults="0" name="TestCase 2" searchProperties="true"><con:settings/><con:testStep type="restrequest" name="2 - Request 2-Просмотр пользователя" id="9bb06161-d35b-4fb4-9488-1055b63809f8"><con:settings/><con:config service="https://reqres.in" resourcePath="/${#Project#userPath}/${#Project#userId}" methodName="2" xsi:type="con:RestRequestStep" xmlns:xsi="http://www.w3.org/2001/XMLSchema-instance"><con:restRequest name="2 - Request 2-Просмотр пользователя" id="a82d7c3e-c947-4e86-bd74-386aa43d00a1" mediaType="application/json"><con:settings><con:setting id="com.eviware.soapui.impl.wsdl.WsdlRequest@request-headers">&lt;xml-fragment/></con:setting></con:settings><con:endpoint>https://reqres.in</con:endpoint><con:request/><con:originalUri>https://reqres.in/api/users/2</con:originalUri><con:assertion type="Simple Contains" id="9207fec6-e728-4a43-b34a-983ac6ce0874" name="Contains"><con:configuration><token>data</token><ignoreCase>false</ignoreCase><useRegEx>false</useRegEx></con:configuration></con:assertion><con:assertion type="Invalid HTTP Status Codes" id="40ed4fb0-f979-4334-bf3c-deb6c499a60b" name="Invalid HTTP Status Codes"><con:configuration><codes>400, 404, 500</codes></con:configuration></con:assertion><con:assertion type="JsonPath Match" id="d6baecd9-5e81-4b58-8b0d-3cc6ba6590f9" name="User id check"><con:configuration><path>data.id</path><content>${#Project#userId}</content><allowWildcards>false</allowWildcards><ignoreNamspaceDifferences>false</ignoreNamspaceDifferences><ignoreComments>false</ignoreComments></con:configuration></con:assertion><con:credentials><con:authType>No Authorization</con:authType></con:credentials><con:jmsConfig JMSDeliveryMode="PERSISTENT"/><con:jmsPropertyConfig/><con:parameters/></con:restRequest></con:config></con:testStep><con:properties/></con:testCase><con:testCase id="c2e09d99-d39c-4c71-8e19-12ed1f9ce62e" failOnError="true" failTestCaseOnErrors="true" keepSession="false" maxResults="0" name="TestCase 3" searchProperties="true"><con:settings/><con:testStep type="restrequest" name="3 - Request 3-Cоздание пользователя" id="13751fda-e0aa-4669-bf0f-65cabbc1e38c"><con:settings/><con:config service="https://reqres.in" resourcePath="/${#Project#userPath}" methodName="3" xsi:type="con:RestRequestStep" xmlns:xsi="http://www.w3.org/2001/XMLSchema-instance"><con:restRequest name="3 - Request 3-Cоздание пользователя" id="134b85e7-a728-40c9-a8cf-c62339417e5f" mediaType="application/json" postQueryString="false"><con:settings><con:setting id="com.eviware.soapui.impl.wsdl.WsdlRequest@request-headers">&lt;xml-fragment/></con:setting></con:settings><con:endpoint>https://reqres.in</con:endpoint><con:request/><con:originalUri>https://reqres.in/api/users</con:originalUri><con:assertion type="Simple Contains" id="3ecebf91-7cb8-44b4-9a3d-c053aa14ec0f" name="Contains"><con:configuration><token>id</token><ignoreCase>false</ignoreCase><useRegEx>false</useRegEx></con:configuration></con:assertion><con:assertion type="Invalid HTTP Status Codes" id="548b2955-e19a-44ba-a64e-9dd4d672a209" name="Invalid HTTP Status Codes"><con:configuration><codes>200, 400, 404, 500</codes></con:configuration></con:assertion><con:credentials><con:authType>No Authorization</con:authType></con:credentials><con:jmsConfig JMSDeliveryMode="PERSISTENT"/><con:jmsPropertyConfig/><con:parameters>
  <con:entry key="name" value="morpheus"/>
  <con:entry key="job" value="leader"/>
</con:parameters><con:parameterOrder><con:entry>name</con:entry><con:entry>job</con:entry></con:parameterOrder></con:restRequest></con:config></con:testStep><con:properties/></con:testCase><con:testCase id="621374cd-9909-4d9e-987c-4d9729994b42" failOnError="true" failTestCaseOnErrors="true" keepSession="false" maxResults="0" name="TestCase 4" searchProperties="true"><con:settings/><con:testStep type="restrequest" name="4 - Request 4-Обновление пользователя" id="5a5a9e8c-2b0e-4acd-9455-eff4c3244d6f"><con:settings/><con:config service="https://reqres.in" resourcePath="/${#Project#userPath}/${#Project#userId}" methodName="4" xsi:type="con:RestRequestStep" xmlns:xsi="http://www.w3.org/2001/XMLSchema-instance"><con:restRequest name="4 - Request 4-Обновление пользователя" id="8d67e554-286d-4e68-b125-3ca97066d290" mediaType="application/json" postQueryString="false"><con:settings><con:setting id="com.eviware.soapui.impl.wsdl.WsdlRequest@request-headers">&lt;xml-fragment/></con:setting></con:settings><con:endpoint>https://reqres.in</con:endpoint><con:request>{
  "name": "${#TestCase#userName}",
  "job": "${#TestCase#userJob}"
}</con:request><con:originalUri>https://reqres.in/api/users/2</con:originalUri><con:assertion type="Simple Contains" id="64241e18-f3b5-4951-8444-87d394f1c51f" name="Contains"><con:configuration><token>updatedAt</token><ignoreCase>false</ignoreCase><useRegEx>false</useRegEx></con:configuration></con:assertion><con:assertion type="Invalid HTTP Status Codes" id="f7727fea-8989-4baf-8133-ca3b1d235ff2" name="Invalid HTTP Status Codes"><con:configuration><codes>201, 400, 404, 500</codes></con:configuration></con:assertion><con:assertion type="JsonPath Match" id="287cd218-1e52-43a8-9ee3-723934b83e30" name="User name check"><con:configuration><path>name</path><content>${#TestCase#userName}</content><allowWildcards>false</allowWildcards><ignoreNamspaceDifferences>false</ignoreNamspaceDifferences><ignoreComments>false</ignoreComments></con:configuration></con:assertion><con:assertion type="JsonPath Match" id="7f7b8d5e-daa1-459d-93ee-2fd6bc4447cd" name="User job check"><con:configuration><path>job</path><content>${#TestCase#userJob}</content><allowWildcards>false</allowWildcards><ignoreNamspaceDifferences>false</ignoreNamspaceDifferences><ignoreComments>false</ignoreComments></con:configuration></con:assertion><con:credentials><con:authType>No Authorization</con:authType></con:credentials><con:jmsConfig JMSDeliveryMode="PERSISTENT"/><con:jmsPropertyConfig/><con:parameters/><con:parameterOrder/></con:restRequest></con:config></con:testStep><con:properties><con:property><con:name>userName</con:name><con:value>Sauron</con:value></con:property><con:property><con:name>userJob</con:name><con:value>mordor resident</con:value></con:property></con:properties></con:testCase><con:testCase id="004ac1e0-d97d-4c08-8e9f-46c474d15aad" failOnError="true" failTestCaseOnErrors="true" keepSession="false" maxResults="0" name="TestCase 5" searchProperties="true"><con:settings/><con:testStep type="restrequest" name="2 1 - Request 5-Удаление пользователя" id="598e1238-17b8-4912-b295-5ebefb78064d"><con:settings/><con:config service="https://reqres.in" resourcePath="/${#Project#userPath}/${#Project#userId}" methodName="5" xsi:type="con:RestRequestStep" xmlns:xsi="http://www.w3.org/2001/XMLSchema-instance"><con:restRequest name="2 1 - Request 5-Удаление пользователя" id="f6f539d5-6600-4af2-ae9c-6a5c3471d6b5" mediaType="application/json" postQueryString="false"><con:settings><con:setting id="com.eviware.soapui.impl.wsdl.WsdlRequest@request-headers">&lt;xml-fragment/></con:setting></con:settings><con:endpoint>https://reqres.in</con:endpoint><con:request/><con:originalUri>https://reqres.in/api/users/2</con:originalUri><con:assertion type="Invalid HTTP Status Codes" id="8c2a7f12-6912-4bd8-a530-d1b4f8260697" name="Invalid HTTP Status Codes"><con:configuration><codes>200, 201, 400, 404, 500</codes></con:configuration></con:assertion><con:assertion type="Response SLA Assertion" id="6d1a1648-8c64-4f92-95df-15a5ca41db7c" name="Response SLA"><con:configuration><SLA>400</SLA></con:configuration></con:assertion><con:credentials><con:authType>No Authorization</con:authType></con:credentials><con:jmsConfig JMSDeliveryMode="PERSISTENT"/><con:jmsPropertyConfig/><con:parameters/></con:restRequest></con:config></con:testStep><con:properties/></con:testCase><con:properties/></con:testSuite><con:properties><con:property><con:name>pageNumber</con:name><con:value>1</con:value></con:property><con:property><con:name>userId</con:name><con:value>3</con:value></con:property><con:property><con:name>userPath</con:name><con:value>api/users</con:value></con:property><con:property><con:name>userName</con:name><con:value>Sauron</con:value></con:property><con:property><con:name>userJob</con:name><con:value>mordor resident</con:value></con:property></con:properties><con:wssContainer/><con:oAuth2ProfileContainer/><con:oAuth1ProfileContainer/><con:sensitiveInformation/></con:soapui-project>